iso,country,date,grocery_pharmacy,parks,residential,retail_recreation,transit_stations,workplaces,total_cases,fatalities
AR,Argentina,2020-02-23,8.185,17.563,0.437,13.644,5.334,-2.486,0,0
AR,Argentina,2020-02-24,-15.875,25.605,6.321,-9.973,-26.785,-53.687,0,0
AR,Argentina,2020-02-25,-17.135,1.325,6.895,-19.717,-28.485,-50.053,0,0
AR,Argentina,2020-02-26,2.304,5.399,-2.273,0.845,9.461,12.584,0,0
AR,Argentina,2020-02-27,-0.404,-5.267,-0.493,-0.584,7.983,12.407,0,0
AR,Argentina,2020-02-28,2.075,-7.859,-0.577,2.877,7.973,12.857,0,0
AR,Argentina,2020-02-29,4.685,-7.582,1.409,5.265,5.595,2.156,0,0
AR,Argentina,2020-03-01,2.873,-10.518,2.417,-2.509,0.944,-2.36,0,0
AR,Argentina,2020-03-02,3.958,-8.264,-1.363,0.537,6.931,16.164,0,0
AR,Argentina,2020-03-03,5.09,-6.241,-1.33,0.2,8.202,16.192,1,0
AR,Argentina,2020-03-04,2.898,-0.579,-1.916,-0.983,7.567,17.953,1,0
AR,Argentina,2020-03-05,4.236,-8.884,-1.491,0.735,10.191,17.557,1,0
AR,Argentina,2020-03-06,7.63,-6.797,-1.996,6.376,12.04,18.163,2,0
AR,Argentina,2020-03-07,7.222,-9.604,1.219,5.391,8.476,2.756,8,0
AR,Argentina,2020-03-08,4.425,-12.354,2.186,3.013,2.63,-2.325,12,1
AR,Argentina,2020-03-09,5.438,-9.125,-0.813,1.373,13.178,14.688,12,1
AR,Argentina,2020-03-10,8.046,-8.646,-2.092,2.687,13.621,18.222,17,1
AR,Argentina,2020-03-11,-6.831,-24.127,0.207,-15.515,-6.097,15.189,19,1
AR,Argentina,2020-03-12,8.224,-15.55,-1.41,-4.239,10.392,18.187,19,1
AR,Argentina,2020-03-13,10.128,-17.125,-1.125,-4.731,7.288,18.21,31,2
AR,Argentina,2020-03-14,4.578,-40.463,7.188,-18.762,-19.48,-3.851,34,2
AR,Argentina,2020-03-15,16.951,-43.747,8.781,-29.345,-17.249,-9.812,45,2
AR,Argentina,2020-03-16,7.879,-39.431,6.346,-26.9,-16.545,0.894,56,2
AR,Argentina,2020-03-17,-11.396,-53.747,10.637,-40.83,-31.844,-11.995,68,2
AR,Argentina,2020-03-18,-10.624,-48.792,12.005,-42.791,-34.599,-18.855,79,2
AR,Argentina,2020-03-19,4.992,-54.943,12.607,-42.199,-35.079,-24.291,97,3
AR,Argentina,2020-03-20,-40.436,-80.027,29.367,-78.483,-72.116,-60.537,128,3
AR,Argentina,2020-03-21,-49.072,-85.378,28.034,-82.642,-75.409,-57.28,158,4
AR,Argentina,2020-03-22,-61.218,-89.944,27.362,-87.281,-81.019,-57.88,266,4
AR,Argentina,2020-03-23,-63.753,-88.343,31.67,-87.824,-84.974,-79.097,301,4
AR,Argentina,2020-03-24,-63.569,-87.983,31.076,-87.856,-84.972,-79.293,387,6
AR,Argentina,2020-03-25,-50.052,-82.431,28.357,-82.419,-76.76,-67.967,387,8
AR,Argentina,2020-03-26,-52.21,-83.698,30.111,-82.748,-77.253,-68.171,502,9
AR,Argentina,2020-03-27,-48.609,-81.859,32.409,-81.227,-75.292,-66.728,589,13
AR,Argentina,2020-03-28,-47.999,-84.324,28.839,-81.711,-75.465,-59.253,690,18
AR,Argentina,2020-03-29,-60.955,-89.15,27.369,-86.48,-80.396,-57.303,745,19
AR,Argentina,2020-03-30,-51.498,-83.033,28.489,-81.158,-77.265,-68.314,820,23
AR,Argentina,2020-03-31,-58.58,-85.313,29.959,-84.535,-81.632,-76.378,1054,27
AR,Argentina,2020-04-01,-46.459,-79.491,27.028,-78.877,-74.806,-64.188,1054,28
AR,Argentina,2020-04-02,-46.744,-81.161,28.838,-78.947,-73.954,-64.492,1133,36
AR,Argentina,2020-04-03,-41.299,-78.211,30.603,-76.75,-71.108,-62.009,1265,39
AR,Argentina,2020-04-04,-41.124,-81.159,27.254,-77.294,-70.592,-53.548,1451,43
AR,Argentina,2020-04-05,-53.837,-86.676,25.873,-82.974,-75.91,-52.12,1451,44
AU,Australia,2020-02-23,4.283,8.616,-0.263,3.354,4.062,-1.661,15,0
AU,Australia,2020-02-24,0.807,-9.507,-1.447,-0.815,7.875,17.275,15,0
AU,Australia,2020-02-25,-0.769,-8.38,-1.334,-2.52,10.086,14.661,15,0
AU,Australia,2020-02-26,-0.263,-5.036,-1.139,-0.574,9.637,13.935,15,0
AU,Australia,2020-02-27,1.369,-1.533,-1.407,-0.396,10.31,14.167,15,0
AU,Australia,2020-02-28,5.717,-0.464,-2.66,3.968,13.725,16.627,15,0
AU,Australia,2020-02-29,6.102,17.769,-1.014,6.399,10.955,3.993,25,0
AU,Australia,2020-03-01,7.434,19.68,-0.488,3.706,5.534,-0.985,27,1
AU,Australia,2020-03-02,4.658,-0.576,-0.446,-0.487,5.854,10.245,30,1
AU,Australia,2020-03-03,7.375,-14.005,-1.45,-1.669,9.052,15.05,39,1
AU,Australia,2020-03-04,12.463,-15.141,-0.693,0.35,6.519,13.897,52,2
AU,Australia,2020-03-05,9.132,-18.612,-0.383,-2.032,6.129,13.498,55,2
AU,Australia,2020-03-06,14.217,-6.468,-2.163,3.224,9.36,15.623,60,2
AU,Australia,2020-03-07,12.235,9.747,-0.082,3.457,2.708,2.357,63,2
AU,Australia,2020-03-08,8.191,13.52,-0.155,3.144,0.48,-1.806,76,3
AU,Australia,2020-03-09,3.112,5.013,3.989,-3.066,-9.266,-14.363,91,3
AU,Australia,2020-03-10,8.625,-11.428,-0.71,-2.471,6.054,13.436,107,3
AU,Australia,2020-03-11,8.26,-1.633,-0.673,-1.288,5.57,13.547,128,3
AU,Australia,2020-03-12,10.845,2.169,-0.755,-1.38,5.811,13.109,128,3
AU,Australia,2020-03-13,17.257,-8.233,-0.811,0.648,4.779,14.473,200,3
AU,Australia,2020-03-14,19.701,-15.375,2.207,-0.597,-10.157,3.046,250,3
AU,Australia,2020-03-15,23.875,-7.679,2.445,-2.029,-12.671,-1.464,297,3
AU,Australia,2020-03-16,33.359,-17.606,1.143,-1.461,-7.242,12.331,377,3
AU,Australia,2020-03-17,34.723,-20.614,3.015,-5.142,-13.586,5.292,452,5
AU,Australia,2020-03-18,31.793,-14.65,4.703,-6.542,-18.331,1.676,568,6
AU,Australia,2020-03-19,25.082,-8.968,5.473,-10.245,-21.507,-0.307,681,6
AU,Australia,2020-03-20,20.021,-12.096,5.649,-11.558,-22.129,0.319,791,7
AU,Australia,2020-03-21,10.704,-9.065,6.702,-16.562,-27.716,-4.421,1071,7
AU,Australia,2020-03-22,9.716,-10.81,6.436,-18.342,-33.682,-11.581,1549,7
AU,Australia,2020-03-23,17.435,-27.17,7.885,-17.046,-35.834,-5.813,1682,7
AU,Australia,2020-03-24,4.095,-30.187,12.372,-30.031,-44.736,-18.673,2044,8
AU,Australia,2020-03-25,1.905,-32.841,14.373,-30.942,-49.861,-22.719,2364,8
AU,Australia,2020-03-26,1.699,-23.22,15.915,-34.244,-52.948,-26.989,2810,13
AU,Australia,2020-03-27,2.206,-30.104,16.705,-35.483,-52.921,-26.425,3143,13
AU,Australia,2020-03-28,-8.503,-33.523,14.773,-40.954,-53.205,-26.807,3640,14
AU,Australia,2020-03-29,-18.732,-34.655,13.283,-44.894,-58.146,-32.674,3984,16
AU,Australia,2020-03-30,-12.772,-35.123,16.216,-39.373,-58.569,-31.95,4361,17
AU,Australia,2020-03-31,-13.433,-34.698,17.812,-40.52,-59.484,-36.243,4559,18
AU,Australia,2020-04-01,-12.942,-36.474,18.871,-39.835,-60.453,-37.204,4862,20
AU,Australia,2020-04-02,-13.5,-41.937,20.021,-42.216,-62.538,-38.217,5116,24
AU,Australia,2020-04-03,-7.116,-41.345,20.053,-39.945,-60.718,-35.96,5330,28
AU,Australia,2020-04-04,-14.126,-52.364,17.207,-44.287,-61.159,-33.263,5550,30
AU,Australia,2020-04-05,-18.11,-42.611,14.319,-44.063,-61.992,-36.081,5687,35
BR,Brazil,2020-02-23,6.953,32.326,0.778,4.322,2.113,-2.543,0,0
BR,Brazil,2020-02-24,-6.522,68.676,8.125,-13.948,-26.987,-45.315,0,0
BR,Brazil,2020-02-25,-28.524,50.735,9.672,-31.478,-34.936,-60.556,0,0
BR,Brazil,2020-02-26,-10.696,-8.178,5.739,-18.266,-17.438,-18.111,1,0
BR,Brazil,2020-02-27,1.512,-10.672,0.871,-8.467,1.192,10.004,1,0
BR,Brazil,2020-02-28,3.196,-16.695,1.056,-5.184,1.772,13.097,1,0
BR,Brazil,2020-02-29,4.746,-22.699,3.063,-2.599,-2.258,5.059,2,0
BR,Brazil,2020-03-01,2.943,-34.474,4.526,-9.188,-9.702,-1.409,2,0
BR,Brazil,2020-03-02,0.62,-25.477,-0.194,-6.325,5.517,19.505,2,0
BR,Brazil,2020-03-03,1.876,-20.685,-0.536,-4.694,6.061,14.943,2,0
BR,Brazil,2020-03-04,1.756,-11.154,-0.677,-1.061,7.384,16.437,4,0
BR,Brazil,2020-03-05,6.607,-4.813,-1.631,0.101,10.476,17.618,4,0
BR,Brazil,2020-03-06,10.908,-6.859,-1.902,5.815,12.897,18.087,13,0
BR,Brazil,2020-03-07,12.602,-14.272,0.297,9.263,7.978,7.194,13,0
BR,Brazil,2020-03-08,10.501,-16.689,1.382,8.293,2.097,3.004,20,0
BR,Brazil,2020-03-09,4.847,-11.753,-1.581,0.886,12.197,21.347,25,0
BR,Brazil,2020-03-10,4.859,-11.366,-1.9,0.439,11.002,17.232,31,0
BR,Brazil,2020-03-11,1.832,-5.587,-1.422,1.166,10.142,16.824,38,0
BR,Brazil,2020-03-12,4.261,-4.992,-1.509,-2.019,9.784,16.826,52,0
BR,Brazil,2020-03-13,6.591,-8.265,-1.627,0.261,9.622,18.405,151,0
BR,Brazil,2020-03-14,7.365,-15.441,1.294,-1.513,-0.324,5.997,151,0
BR,Brazil,2020-03-15,7.002,-21.063,2.581,-8.153,-6.974,0.445,162,0
BR,Brazil,2020-03-16,5.898,-22.876,1.306,-11.098,-4.11,13.733,200,0
BR,Brazil,2020-03-17,7.186,-28.132,3.925,-18.697,-15.088,2.637,321,1
BR,Brazil,2020-03-18,5.247,-28.347,7.32,-24.94,-22.248,-5.844,372,3
BR,Brazil,2020-03-19,2.356,-33.608,10.448,-36.477,-30.96,-16.607,621,6
BR,Brazil,2020-03-20,0.169,-45.186,13.191,-44.509,-37.327,-21.067,793,11
BR,Brazil,2020-03-21,-15.52,-65.605,16.104,-62.577,-50.366,-29.92,1021,15
BR,Brazil,2020-03-22,-33.367,-74.695,17.164,-72.443,-60.028,-34.331,1546,25
BR,Brazil,2020-03-23,-25.818,-60.893,19.95,-65.494,-57.817,-41.963,1924,34
BR,Brazil,2020-03-24,-32.918,-62.376,21.96,-70.654,-63.022,-50.807,2247,46
BR,Brazil,2020-03-25,-32.041,-57.292,22.869,-69.342,-62.952,-51.725,2554,59
BR,Brazil,2020-03-26,-28.996,-53.849,22.058,-68.524,-61.985,-50.49,2985,77
BR,Brazil,2020-03-27,-25.683,-55.789,22.722,-66.962,-60.219,-47.809,3417,92
BR,Brazil,2020-03-28,-27.321,-63.669,18.532,-69.588,-59.19,-40.582,3904,111
BR,Brazil,2020-03-29,-35.317,-69.938,16.858,-71.472,-62.263,-33.556,4256,136
BR,Brazil,2020-03-30,-26.129,-55.412,19.851,-61.715,-58.832,-43.14,4579,159
BR,Brazil,2020-03-31,-20.975,-53.213,19.377,-60.406,-58.228,-45.342,5717,201
BR,Brazil,2020-04-01,-18.55,-48.425,19.762,-58.41,-57.442,-44.693,6836,240
BR,Brazil,2020-04-02,-17.289,-47.806,19.74,-59.493,-57.205,-44.562,8044,324
BR,Brazil,2020-04-03,-13.506,-52.343,20.457,-60.239,-55.119,-42.141,9056,359
BR,Brazil,2020-04-04,-13.155,-59.907,16.41,-63.094,-52.612,-34.667,10360,445
BR,Brazil,2020-04-05,-23.591,-65.529,14.974,-66.841,-56.62,-29.732,11130,486
CA,Canada,2020-02-23,6.125,36.01,-0.963,9.657,4.963,4.9,9,0
CA,Canada,2020-02-24,2.221,18.659,-0.012,2.551,-0.674,2.583,10,0
CA,Canada,2020-02-25,5.298,8.972,-0.249,1.881,-0.167,3.194,11,0
CA,Canada,2020-02-26,1.537,0.642,0.85,-1.67,-1.555,0.77,11,0
CA,Canada,2020-02-27,-8.859,-5.986,3.97,-7.989,-4.529,-5.236,13,0
CA,Canada,2020-02-28,0.697,-5.102,1.236,-0.61,1.027,0.346,14,0
CA,Canada,2020-02-29,6.652,10.503,-0.321,6.82,6.283,6.681,20,0
CA,Canada,2020-03-01,9.379,22.952,-0.771,10.267,5.548,5.472,24,0
CA,Canada,2020-03-02,3.281,1.028,0.939,3.495,-2.379,-0.988,27,0
CA,Canada,2020-03-03,5.535,8.407,0.344,4.205,-2.345,-0.12,30,0
CA,Canada,2020-03-04,3.512,10.912,0.499,4.755,-0.457,-0.846,33,0
CA,Canada,2020-03-05,4.978,17.529,0.561,7.416,-0.97,-2.045,37,0
CA,Canada,2020-03-06,-0.667,5.609,1.254,1.303,-2.743,-1.062,49,0
CA,Canada,2020-03-07,4.942,17.214,0.072,6.498,2.831,5.68,54,0
CA,Canada,2020-03-08,7.354,49.768,-0.359,9.202,3.284,4.029,64,0
CA,Canada,2020-03-09,4.163,30.744,0.595,3.883,-2.775,1.977,77,1
CA,Canada,2020-03-10,0.903,-2.06,1.446,-0.609,-5.606,1.269,79,1
CA,Canada,2020-03-11,6.705,11.653,0.499,3.465,-2.77,2.305,108,1
CA,Canada,2020-03-12,27.4,11.474,0.635,7.256,-5.654,1.965,117,1
CA,Canada,2020-03-13,34.641,-16.253,4.839,-4.724,-17.253,-6.171,191,1
CA,Canada,2020-03-14,19.194,-8.156,4.672,-10.885,-19.176,-0.812,196,1
CA,Canada,2020-03-15,11.307,27.693,4.096,-11.552,-21.824,-5.001,250,1
CA,Canada,2020-03-16,22.547,14.778,9.758,-11.565,-37.105,-26.791,413,4
CA,Canada,2020-03-17,12.57,6.767,13.559,-26.651,-45.118,-34.573,470,5
CA,Canada,2020-03-18,6.593,14.216,15.589,-32.806,-48.304,-39.89,648,8
CA,Canada,2020-03-19,3.51,17.92,17.409,-35.765,-52.04,-43.046,791,9
CA,Canada,2020-03-20,-5.267,-7.845,20.226,-43.602,-54.395,-45.45,933,12
CA,Canada,2020-03-21,-12.112,11.46,13.37,-48.909,-49.07,-32.083,1267,19
CA,Canada,2020-03-22,-20.963,3.987,11.299,-51.274,-54.145,-35.1,1456,20
CA,Canada,2020-03-23,-13.109,-26.69,19.97,-45.47,-63.176,-51.158,2075,24
CA,Canada,2020-03-24,-15.273,-9.859,21.735,-49.454,-64.26,-54.511,2777,25
CA,Canada,2020-03-25,-20.847,1.331,23.329,-53.389,-65.41,-58.594,3238,29
CA,Canada,2020-03-26,-20.866,-17.953,24.648,-54.028,-67.928,-59.229,4029,37
CA,Canada,2020-03-27,-20.526,-9.589,25.504,-54.686,-66.418,-58.524,4669,53
CA,Canada,2020-03-28,-27.085,-30.062,16.601,-59.395,-63.978,-44.047,5563,60
CA,Canada,2020-03-29,-34.658,-16.344,13.71,-59.053,-65.618,-43.622,6267,63
CA,Canada,2020-03-30,-27.121,-32.445,23.239,-53.597,-70.068,-60.254,7385,79
CA,Canada,2020-03-31,-19.107,-12.767,23.393,-50.892,-67.916,-60.31,8514,100
CA,Canada,2020-04-01,-21.199,-10.318,23.985,-51.52,-67.949,-60.685,9547,108
CA,Canada,2020-04-02,-23.101,-16.166,25.233,-52.992,-69.826,-60.886,11271,138
CA,Canada,2020-04-03,-22.936,-32.89,26.791,-55.33,-69.49,-60.173,12424,178
CA,Canada,2020-04-04,-25.341,-17.163,16.695,-56.887,-62.813,-44.597,12965,217
CA,Canada,2020-04-05,-45.144,-12.925,14.088,-62.712,-66.798,-46.057,15743,258
DE,Germany,2020-02-23,9.266,-23.603,0.47,-0.151,2.089,-2.613,16,0
DE,Germany,2020-02-24,-4.697,17.152,3.625,1.898,-5.463,-19.851,16,0
DE,Germany,2020-02-25,-0.886,14.974,3.547,-0.525,-5.116,-12.672,17,0
DE,Germany,2020-02-26,-0.224,-0.211,2.113,-3.216,-7.044,-5.428,27,0
DE,Germany,2020-02-27,2.81,-3.422,1.981,-5.15,-4.895,-4.388,46,0
DE,Germany,2020-02-28,11.044,8.594,1.596,2.631,-2.427,-4.877,48,0
DE,Germany,2020-02-29,5.18,9.249,0.723,-1.226,1.003,-0.617,79,0
DE,Germany,2020-03-01,18.11,21.38,0.077,8.293,4.332,0.583,130,0
DE,Germany,2020-03-02,8.39,8.996,0.151,1.743,-1.177,0.256,159,0
DE,Germany,2020-03-03,4.997,8.263,1.348,-0.204,-3.493,0.175,196,0
DE,Germany,2020-03-04,2.415,13.552,0.974,1.634,-3.579,0.077,262,0
DE,Germany,2020-03-05,0.133,-0.091,1.368,-3.958,-5.078,-0.152,482,0
DE,Germany,2020-03-06,0.585,-10.503,2.09,-3.231,-7.089,-1.485,670,0
DE,Germany,2020-03-07,-0.186,18.624,0.784,0.85,-1.698,0.244,799,0
DE,Germany,2020-03-08,18.905,30.501,-0.099,12.164,1.701,0.802,1040,0
DE,Germany,2020-03-09,1.964,6.961,0.784,-0.918,-4.896,-0.824,1176,2
DE,Germany,2020-03-10,-1.769,-12.686,2.749,-7.479,-8.466,-1.231,1457,2
DE,Germany,2020-03-11,2.48,16.88,1.659,-0.98,-6.563,-1.212,1908,3
DE,Germany,2020-03-12,6.121,3.864,2.304,-6.565,-9.43,-2.157,2078,3
DE,Germany,2020-03-13,19.013,-2.682,3.601,-9.247,-14.653,-4.483,3675,7
DE,Germany,2020-03-14,9.371,32.728,3.73,-17.109,-18.76,-3.165,4585,9
DE,Germany,2020-03-15,13.136,75.002,2.438,-12.253,-15.949,-5.028,5795,11
DE,Germany,2020-03-16,21.544,40.01,5.912,-6.965,-25.06,-17.508,7272,17
DE,Germany,2020-03-17,11.221,30.957,10.067,-21.194,-34.776,-24.933,9257,24
DE,Germany,2020-03-18,4.638,44.053,11.35,-34.346,-39.312,-29.684,12327,28
DE,Germany,2020-03-19,-2.977,15.144,13.576,-44.975,-45.787,-33.321,15320,44
DE,Germany,2020-03-20,-1.62,-13.949,15.959,-49.975,-51.761,-36.24,19848,67
DE,Germany,2020-03-21,-24.408,-30.577,13.407,-68.783,-59.038,-30.714,22213,84
DE,Germany,2020-03-22,-35.242,1.299,9.58,-71.426,-57.693,-34.06,24873,94
DE,Germany,2020-03-23,-15.573,-5.398,16.261,-56.887,-56.161,-40.874,29056,123
DE,Germany,2020-03-24,-18.129,8.782,18.114,-59.402,-56.237,-42.713,32986,157
DE,Germany,2020-03-25,-17.978,11.11,17.617,-58.486,-56.441,-43.206,37323,206
DE,Germany,2020-03-26,-16.068,3.292,18.178,-59.12,-56.884,-43.753,43938,267
DE,Germany,2020-03-27,-14.412,20.68,18.601,-58.536,-56.286,-43.851,50871,342
DE,Germany,2020-03-28,-21.003,33.292,11.92,-66.111,-53.332,-32.818,57695,433
DE,Germany,2020-03-29,-50.782,-49.28,10.768,-77.379,-68.099,-38.846,62095,533
DE,Germany,2020-03-30,-15.898,-12.537,16.631,-54.297,-56.14,-43.124,66885,645
DE,Germany,2020-03-31,-11.771,7.401,17.468,-53.362,-52.844,-43.094,71808,775
DE,Germany,2020-04-01,-12.919,20.38,16.53,-51.963,-52.782,-42.964,77872,920
DE,Germany,2020-04-02,-11.464,5.957,17.321,-53.777,-54.391,-43.462,84794,1107
DE,Germany,2020-04-03,-10.994,-13.15,18.814,-56.881,-56.975,-43.82,91159,1275
DE,Germany,2020-04-04,-15.887,20.584,11.814,-62.647,-52.251,-31.277,96092,1444
DE,Germany,2020-04-05,-13.02,60.535,7.611,-58.172,-46.635,-30.221,100123,1584
ES,Spain,2020-02-23,10.391,32.712,-3.146,7.093,11.351,1.057,2,0
ES,Spain,2020-02-24,3.011,35.534,-0.24,4.624,4.472,-6.93,2,0
ES,Spain,2020-02-25,-0.553,17.207,0.525,-2.031,3.475,-6.22,6,0
ES,Spain,2020-02-26,4.459,10.511,-0.285,-0.445,1.18,-0.314,13,0
ES,Spain,2020-02-27,7.774,15.595,-1.519,3.997,5.694,0.735,15,0
ES,Spain,2020-02-28,-6.775,32.6,0.215,-0.632,2.28,-11.32,32,0
ES,Spain,2020-02-29,3.876,18.649,-1.204,-1.071,5.598,-1.339,45,0
ES,Spain,2020-03-01,5.921,5.861,-2.257,2.13,5.044,1.201,84,0
ES,Spain,2020-03-02,1.289,-6.947,0.751,-2.919,-2.586,-3.13,120,0
ES,Spain,2020-03-03,2.617,-2.606,-0.146,-2.746,0.616,2.944,165,1
ES,Spain,2020-03-04,4,9.249,-0.383,-0.076,1.611,2.746,222,2
ES,Spain,2020-03-05,2.173,1.559,-0.193,-1.392,0.244,1.71,259,3
ES,Spain,2020-03-06,2.11,0.266,0.011,-1.513,-0.255,-0.525,400,5
ES,Spain,2020-03-07,0.817,16.562,-0.949,-1.248,4.156,0.671,500,10
ES,Spain,2020-03-08,6.734,19.08,-1.79,3.547,8.231,0.994,673,17
ES,Spain,2020-03-09,4.182,11.827,-0.611,-1.353,0.437,2.611,1073,28
ES,Spain,2020-03-10,17.799,12.181,-0.419,-2.642,-1.287,1.907,1695,35
ES,Spain,2020-03-11,16.676,16.516,1.087,-4.954,-8.547,-2.313,2277,54
ES,Spain,2020-03-12,27.271,1.092,2.685,-13.104,-16,-5.279,2277,55
ES,Spain,2020-03-13,32.948,-21.663,8.356,-32.756,-32.349,-17.103,5232,133
ES,Spain,2020-03-14,-7.841,-44.172,14.213,-69.283,-51.946,-30.777,6391,195
ES,Spain,2020-03-15,-49.491,-75.676,16.817,-87.06,-70.636,-47.96,7798,289
ES,Spain,2020-03-16,-33.083,-71.688,22.824,-80.235,-70.652,-52.281,9942,342
ES,Spain,2020-03-17,-38.759,-73.451,25.438,-83.201,-74.319,-58.544,11748,533
ES,Spain,2020-03-18,-36.188,-73.101,26.343,-83.553,-76.215,-60.44,13910,623
ES,Spain,2020-03-19,-57.866,-76.941,30.813,-87.628,-79.636,-70.696,17963,830
ES,Spain,2020-03-20,-39.237,-78.571,31.856,-86.787,-79.51,-65.626,20410,1043
ES,Spain,2020-03-21,-53.487,-86.553,25.817,-91.668,-83.825,-62.558,25374,1375
ES,Spain,2020-03-22,-73.252,-89.446,22.293,-93.707,-87.344,-65.475,28768,1772
ES,Spain,2020-03-23,-46.453,-77.373,27.742,-84.861,-80.674,-64.927,35136,2311
ES,Spain,2020-03-24,-50.369,-78.584,29.203,-86.633,-81.355,-66.958,39885,2808
ES,Spain,2020-03-25,-51.043,-78.402,29.928,-86.976,-81.909,-67.383,49515,3647
ES,Spain,2020-03-26,-51.637,-78.449,30.467,-87.23,-82.249,-67.896,57786,4365
ES,Spain,2020-03-27,-49.378,-80.392,33.421,-88.141,-82.845,-67.579,65719,5138
ES,Spain,2020-03-28,-56.82,-86.248,26.085,-91.891,-85.506,-63.794,73235,5982
ES,Spain,2020-03-29,-76.33,-89.058,21.757,-93.747,-88.201,-63.876,80110,6803
ES,Spain,2020-03-30,-55.406,-80.432,30.773,-88.576,-84.164,-73.699,87956,7716
ES,Spain,2020-03-31,-54.745,-82.329,32.157,-92.269,-84.207,-75.61,95923,8464
ES,Spain,2020-04-01,-52.811,-81.25,32.624,-92.125,-84.333,-75.216,104118,9387
ES,Spain,2020-04-02,-51.627,-80.645,33.126,-91.654,-84.011,-75.198,112065,10348
ES,Spain,2020-04-03,-48.216,-81.51,35.68,-89.152,-84.236,-74.282,119199,11198
ES,Spain,2020-04-04,-55.787,-86.399,26.418,-92.086,-85.77,-65.399,126168,11947
ES,Spain,2020-04-05,-76.568,-89.52,22.646,-94.206,-88.956,-67.57,131646,12641
FR,France,2020-02-23,7.015,30.064,-1.366,8.454,11.623,-0.883,12,1
FR,France,2020-02-24,3.234,45.388,3.125,2.579,-1.184,-15.241,12,1
FR,France,2020-02-25,1.385,23.25,3.535,1.206,-2.651,-14.37,14,1
FR,France,2020-02-26,-1.603,9.458,2.601,-5.295,-5.24,-12.109,18,2
FR,France,2020-02-27,-0.666,0.81,4.073,-5.337,-5.194,-15.157,38,2
FR,France,2020-02-28,1.3,14.57,4.133,-0.791,-0.468,-14.624,57,2
FR,France,2020-02-29,1.056,-11.596,1.115,-7.258,3.776,-4.613,100,2
FR,France,2020-03-01,3.968,-13.313,-0.032,1.078,1.519,1.256,130,2
FR,France,2020-03-02,3.472,-9.468,2.719,-5.912,-4.431,-5.347,191,3
FR,France,2020-03-03,4.679,7.734,1.916,-1.391,-3.717,-4.197,204,4
FR,France,2020-03-04,1.979,0.98,1.89,-5.835,-5.755,-3.198,288,4
FR,France,2020-03-05,-0.209,-15.423,2.574,-7.746,-6.044,-5.034,380,6
FR,France,2020-03-06,1.862,-0.718,2.518,-2.106,-1.306,-4.46,656,9
FR,France,2020-03-07,1.105,7.189,0.757,-4.187,1.411,-0.319,959,11
FR,France,2020-03-08,2.237,-0.562,0.636,0.485,-2.241,-0.591,1136,19
FR,France,2020-03-09,2.234,2.3,1.59,-4.546,-5.001,-0.602,1219,19
FR,France,2020-03-10,1.292,1.019,1.737,-4.664,-5.787,-0.638,1794,33
FR,France,2020-03-11,1.621,16.654,1.342,-5.747,-5.102,-0.336,2293,48
FR,France,2020-03-12,5.379,5.184,1.46,-7.989,-6.577,-0.998,2293,48
FR,France,2020-03-13,16.754,4.431,2.874,-7.504,-7.766,-2.152,3681,79
FR,France,2020-03-14,1.49,-0.969,4.726,-21.287,-16.222,-5.183,4496,91
FR,France,2020-03-15,22.57,14.659,3.493,-37.77,-21.448,-8.577,4532,91
FR,France,2020-03-16,46.044,-15.377,13.455,-42.84,-38.552,-35.935,6683,149
FR,France,2020-03-17,-15.225,-40.274,23.632,-67.937,-61.032,-55.23,7715,149
FR,France,2020-03-18,-45.461,-52.718,28.876,-82.751,-75.552,-67.223,9124,149
FR,France,2020-03-19,-40.925,-56.343,31.965,-82.447,-78.273,-70.531,10970,244
FR,France,2020-03-20,-41.883,-65.574,36.049,-83.281,-80.494,-70.929,12758,451
FR,France,2020-03-21,-54.348,-77.974,24.448,-87.953,-81.791,-58.168,14463,563
FR,France,2020-03-22,-63.698,-79.994,18.04,-86.235,-83.767,-54.774,16243,676
FR,France,2020-03-23,-40.744,-64.408,31.973,-81.28,-81.778,-72.987,20123,862
FR,France,2020-03-24,-44.878,-65.111,33.775,-82.569,-82.149,-73.938,22622,1102
FR,France,2020-03-25,-48.464,-66.753,31.65,-84.328,-82.635,-72.968,25600,1333
FR,France,2020-03-26,-45.849,-66.837,33.957,-83.667,-83.03,-73.925,29551,1698
FR,France,2020-03-27,-45.796,-67.9,37.338,-83.61,-83.571,-73.033,33402,1997
FR,France,2020-03-28,-55.646,-76.191,24.507,-87.444,-83.01,-58.919,38105,2317
FR,France,2020-03-29,-72.482,-81.836,18.181,-88.007,-86.667,-56.485,40708,2611
FR,France,2020-03-30,-46.603,-65.635,32.546,-83.594,-83.267,-73.57,45170,3030
FR,France,2020-03-31,-37.661,-61.421,33.383,-89.592,-81.624,-73.508,52827,3532
FR,France,2020-04-01,-39.054,-61.92,30.938,-90.351,-81.284,-71.46,57749,4043
FR,France,2020-04-02,-35.75,-61.634,33.314,-89.715,-81.829,-72.793,59929,5398
FR,France,2020-04-03,-37.84,-65.772,36.649,-85.533,-82.073,-71.797,65202,6520
FR,France,2020-04-04,-45.303,-73.229,23.887,-88.37,-80.029,-57.031,90848,7574
FR,France,2020-04-05,-61.607,-73.328,17.489,-85.443,-82.034,-52.566,93773,8093
GB,United Kingdom,2020-02-23,-2.172,-4.552,-0.314,-0.739,2.888,-0.826,9,0
GB,United Kingdom,2020-02-24,-0.719,-8.558,1.403,-3.244,-2.18,-2.07,13,0
GB,United Kingdom,2020-02-25,4.216,3.406,0.373,-0.77,0.616,0.572,13,0
GB,United Kingdom,2020-02-26,-0.281,5.681,0.491,0.551,-0.662,0.668,13,0
GB,United Kingdom,2020-02-27,0.88,7.632,0.483,2.215,0.079,0.19,15,0
GB,United Kingdom,2020-02-28,0.857,-12.746,1.003,0.551,0.05,-0.673,20,0
GB,United Kingdom,2020-02-29,0.916,-14.23,0.486,1.1,-2.32,0.383,23,0
GB,United Kingdom,2020-03-01,1.83,14.225,-0.699,6.661,5.356,1.342,36,0
GB,United Kingdom,2020-03-02,3.916,13.776,0.123,4.498,-0.004,0.687,40,0
GB,United Kingdom,2020-03-03,2.579,11.35,0.138,2.191,-0.989,0.882,51,0
GB,United Kingdom,2020-03-04,3.381,1.968,0.577,1.928,-1.608,0.799,86,0
GB,United Kingdom,2020-03-05,1.982,1.178,0.707,-0.951,-2.846,0.419,116,1
GB,United Kingdom,2020-03-06,5.65,22.236,0.124,4.707,1.187,0.612,164,2
GB,United Kingdom,2020-03-07,1.626,6.866,0.021,-0.236,-0.507,1.349,207,2
GB,United Kingdom,2020-03-08,2.463,15.333,-0.606,3.888,2.053,1.179,274,3
GB,United Kingdom,2020-03-09,3.666,4.189,0.797,0.071,-3.267,0.065,322,4
GB,United Kingdom,2020-03-10,4.946,3.554,1.08,-1.639,-3.994,-0.328,384,6
GB,United Kingdom,2020-03-11,4.838,9.58,1.272,-0.157,-5.577,-0.339,459,8
GB,United Kingdom,2020-03-12,10.729,5.425,1.652,-1.453,-8.128,-1.452,459,8
GB,United Kingdom,2020-03-13,11.256,12.476,2.354,-2.181,-9.327,-3.949,802,8
GB,United Kingdom,2020-03-14,7.342,0.71,2.431,-10.119,-15.149,-2.177,1144,21
GB,United Kingdom,2020-03-15,6.989,-1.047,1.868,-10.751,-15.969,-3.975,1145,21
GB,United Kingdom,2020-03-16,20.057,29.355,3.662,-3.005,-16.462,-8.713,1551,56
GB,United Kingdom,2020-03-17,20.789,6.345,7.482,-15.261,-27.061,-16.412,1960,56
GB,United Kingdom,2020-03-18,22.41,-3.186,10.408,-21.083,-33.843,-22.714,2642,72
GB,United Kingdom,2020-03-19,24.123,2.436,11.453,-21.443,-36.729,-26.88,2716,138
GB,United Kingdom,2020-03-20,9.889,6.204,12.737,-28.338,-39.531,-28.86,4014,178
GB,United Kingdom,2020-03-21,1.288,1.687,10.801,-49.728,-46.179,-25.255,5067,234
GB,United Kingdom,2020-03-22,-13.558,19.599,8.553,-56.429,-46.057,-29.987,5745,282
GB,United Kingdom,2020-03-23,-8.06,1.417,17.205,-45.136,-52.518,-45.499,6726,336
GB,United Kingdom,2020-03-24,-23.636,-14.469,23.648,-70.817,-64.184,-58.241,8164,423
GB,United Kingdom,2020-03-25,-25.859,-11.868,26.188,-73.325,-67.957,-64.009,9640,466
GB,United Kingdom,2020-03-26,-28.079,-10.981,27.057,-74.267,-69.835,-66.083,11812,580
GB,United Kingdom,2020-03-27,-28.803,-26.353,28.236,-75.783,-70.682,-66.399,14745,761
GB,United Kingdom,2020-03-28,-38.776,-54.393,19.692,-83.179,-73.996,-57.181,17312,1021
GB,United Kingdom,2020-03-29,-45.679,-52.382,15.445,-84.787,-74.717,-55.326,19780,1231
GB,United Kingdom,2020-03-30,-32.257,-32.513,26.643,-74.071,-72.567,-68.962,22453,1411
GB,United Kingdom,2020-03-31,-30.051,-20.74,27.249,-74.119,-71.641,-69.521,25481,1793
GB,United Kingdom,2020-04-01,-32.096,-28.52,28.198,-75.382,-72.995,-69.43,29865,2357
GB,United Kingdom,2020-04-02,-31.53,-24.472,28.511,-75.288,-73.492,-69.691,34173,2926
GB,United Kingdom,2020-04-03,-29.945,-24.943,28.929,-75.801,-71.888,-68.669,38689,3611
GB,United Kingdom,2020-04-04,-36.235,-37.668,19.249,-81.405,-71.611,-56.77,42477,4320
GB,United Kingdom,2020-04-05,-41.018,-28.556,14.842,-81.942,-70.423,-53.626,48436,4943
ID,Indonesia,2020-02-23,-1.204,-4.647,1.248,-1.959,-4.299,3.496,0,0
ID,Indonesia,2020-02-24,-3.135,-3.995,1.026,-2.449,-1.405,3.663,0,0
ID,Indonesia,2020-02-25,-2.054,-5.537,2.788,-5.366,-6.326,-2.249,0,0
ID,Indonesia,2020-02-26,-0.846,-3.313,0.359,-1.975,0.093,2.985,0,0
ID,Indonesia,2020-02-27,1.86,-2.663,0.412,0.251,2.38,3.994,0,0
ID,Indonesia,2020-02-28,2.793,-5.428,0.528,0.869,3.365,5.239,0,0
ID,Indonesia,2020-02-29,5.782,-6.891,-0.174,2.219,4.1,5.755,0,0
ID,Indonesia,2020-03-01,5.181,-8.158,0.746,1.284,0.199,2.947,0,0
ID,Indonesia,2020-03-02,12.08,-0.219,-0.324,5.397,2.764,4.937,2,0
ID,Indonesia,2020-03-03,9.789,-2.15,0.314,2.813,1.556,4.807,2,0
ID,Indonesia,2020-03-04,3.675,-4.753,1.103,0.154,-0.863,4.155,2,0
ID,Indonesia,2020-03-05,7.835,-1.368,0.474,3.521,3.309,4.239,2,0
ID,Indonesia,2020-03-06,3.682,-3.295,0.574,2.425,3.058,6.429,4,0
ID,Indonesia,2020-03-07,5.959,-4.401,0.253,2.765,2.714,5.555,4,0
ID,Indonesia,2020-03-08,4.412,-3.754,1.082,1.171,-1.463,3.823,6,0
ID,Indonesia,2020-03-09,3.478,-1.049,0.785,2.4,0.71,4.534,19,0
ID,Indonesia,2020-03-10,5.887,2.022,0.637,3.389,1.392,3.903,27,0
ID,Indonesia,2020-03-11,4.715,2.344,0.586,3.202,0.783,3.741,34,1
ID,Indonesia,2020-03-12,3.137,0.186,0.815,2.174,0.63,3.679,34,1
ID,Indonesia,2020-03-13,2.668,-2.416,0.684,2.112,1.006,5.569,69,4
ID,Indonesia,2020-03-14,3.194,-6.364,1.266,-2.149,-5.272,5.45,96,5
ID,Indonesia,2020-03-15,3.439,-11.775,2.855,-7.285,-12.124,4.124,117,5
ID,Indonesia,2020-03-16,1.62,-8.304,5.087,-6.504,-12.459,-7.628,134,5
ID,Indonesia,2020-03-17,1.34,-10.39,6.143,-8.687,-16.408,-12.939,172,5
ID,Indonesia,2020-03-18,0.092,-11.704,7.694,-10.787,-21.189,-15.888,227,19
ID,Indonesia,2020-03-19,-5.155,-16.568,8.843,-15.891,-26.36,-17.389,311,25
ID,Indonesia,2020-03-20,-6.909,-21.095,10.093,-19.178,-31.336,-18.266,369,32
ID,Indonesia,2020-03-21,-5.462,-29.565,8.66,-22.551,-33.103,-10.623,450,38
ID,Indonesia,2020-03-22,-14.751,-38.89,10.4,-32.451,-42.42,-6.825,514,48
ID,Indonesia,2020-03-23,-12.496,-24.771,12.929,-26.738,-41.229,-26.86,579,49
ID,Indonesia,2020-03-24,-10.638,-26.244,13.3,-29.408,-41.611,-31.233,686,55
ID,Indonesia,2020-03-25,-20.051,-30.514,21.26,-38.18,-52.365,-59.449,790,58
ID,Indonesia,2020-03-26,-16.578,-29.819,14.94,-34.008,-46.171,-33.501,893,78
ID,Indonesia,2020-03-27,-16.624,-34.397,16.011,-35.796,-49.29,-32.631,1046,87
ID,Indonesia,2020-03-28,-20.031,-46.044,14.674,-41.695,-49.914,-23.41,1155,102
ID,Indonesia,2020-03-29,-27.01,-52.354,15.02,-47.24,-54.465,-15.389,1285,114
ID,Indonesia,2020-03-30,-19.823,-32.246,15.918,-35.908,-50.707,-33.937,1414,122
ID,Indonesia,2020-03-31,-16.031,-31.588,15.327,-35.15,-49.151,-34.907,1528,136
ID,Indonesia,2020-04-01,-10.128,-28.326,14.795,-31.34,-49.024,-34.929,1677,157
ID,Indonesia,2020-04-02,-12.84,-29.469,15.684,-32.535,-50.384,-35.4,1790,170
ID,Indonesia,2020-04-03,-17.418,-34.179,16.539,-35.159,-53.361,-34.015,1986,181
ID,Indonesia,2020-04-04,-20.365,-45.034,14.698,-39.971,-54.223,-25.454,2092,191
ID,Indonesia,2020-04-05,-23.667,-49.528,14.354,-43.438,-57.611,-16.689,2273,198
IN,India,2020-02-23,-1.192,0.717,0.969,-2.077,-0.484,2.213,3,0
IN,India,2020-02-24,0.036,2.103,0.189,-1.264,0.882,4.271,3,0
IN,India,2020-02-25,-1.737,2.65,0.128,-0.691,1.087,1.055,3,0
IN,India,2020-02-26,-0.197,1.497,-0.683,0.358,2.629,3.25,3,0
IN,India,2020-02-27,-0.699,3.362,-0.205,-0.678,0.97,3.596,3,0
IN,India,2020-02-28,1.423,3.224,0.039,0.287,1.49,4.656,3,0
IN,India,2020-02-29,-0.78,-0.819,0.32,-1.767,0.247,7.707,3,0
IN,India,2020-03-01,3.565,0.657,0.752,0.967,0.347,3.381,3,0
IN,India,2020-03-02,2.476,2.754,0.162,-0.257,-0.047,4.848,5,0
IN,India,2020-03-03,1.799,2.918,0.082,-0.75,0.34,3.572,5,0
IN,India,2020-03-04,5.344,0.892,0.001,0.456,2.705,6.921,28,0
IN,India,2020-03-05,2.983,2.627,0.362,-0.729,1.772,4.969,30,0
IN,India,2020-03-06,2.058,-0.322,1.008,-1.308,2.624,4.825,31,0
IN,India,2020-03-07,5.812,1.78,0.112,0.24,4.909,6.876,34,0
IN,India,2020-03-08,8.745,1.71,0.2,2.16,3.201,6.03,39,0
IN,India,2020-03-09,5.905,4.058,3.498,-1.361,-6.067,-12.394,43,0
IN,India,2020-03-10,-22.915,-3.624,11.229,-19.005,-22.172,-43.88,56,0
IN,India,2020-03-11,-1.171,-1.798,0.727,-5.18,-0.845,-5.349,62,1
IN,India,2020-03-12,0.572,1.889,0.105,-3.315,-0.46,-0.364,73,1
IN,India,2020-03-13,1.433,-0.126,1.107,-4.978,-1.971,0.354,82,2
IN,India,2020-03-14,-2.517,-5.592,3.64,-10.598,-7.764,-5.534,102,2
IN,India,2020-03-15,-0.894,-6.498,2.6,-11.093,-6.608,1.664,113,2
IN,India,2020-03-16,1.561,-1.478,2.714,-7.599,-5.834,-3.938,119,2
IN,India,2020-03-17,0.272,-2.16,3.142,-10.512,-8.524,-8.356,142,3
IN,India,2020-03-18,1.449,-5.868,3.858,-11.895,-9.969,-7.61,156,3
IN,India,2020-03-19,1.126,-6.891,4.914,-15.786,-14.009,-11.143,194,4
IN,India,2020-03-20,0.914,-12.683,6.984,-22.318,-18.195,-14.866,244,5
IN,India,2020-03-21,-4.04,-22.68,8.271,-33.737,-25.235,-17.765,330,4
IN,India,2020-03-22,-76.363,-57.624,21.371,-78.074,-69.511,-49.251,396,7
IN,India,2020-03-23,-27.006,-35.079,19.905,-54.169,-52.194,-50.413,499,10
IN,India,2020-03-24,-47.76,-44.487,25.194,-67.533,-63.67,-64.912,536,10
IN,India,2020-03-25,-64.123,-52.799,30.267,-76.904,-73.23,-71.834,657,12
IN,India,2020-03-26,-63.799,-50.977,29.981,-76.438,-73.147,-70.256,727,20
IN,India,2020-03-27,-63.591,-51.872,30.885,-76.733,-73.294,-69.78,887,20
IN,India,2020-03-28,-65.2,-54.355,29.099,-77.923,-73.296,-65.786,987,24
IN,India,2020-03-29,-65.287,-56.524,21.993,-77.059,-71.299,-46.674,1024,27
IN,India,2020-03-30,-63.416,-51.189,30.121,-75.924,-73.761,-67.977,1251,32
IN,India,2020-03-31,-63.001,-50.224,28.717,-75.472,-72.72,-68.224,1397,35
IN,India,2020-04-01,-63.988,-51.969,29.34,-76.245,-73.006,-68.245,1998,58
IN,India,2020-04-02,-64.96,-51.245,30.213,-76.443,-73.576,-69.235,2543,72
IN,India,2020-04-03,-62.276,-50.525,29.823,-75.62,-72.616,-66.677,2567,72
IN,India,2020-04-04,-63.82,-53.44,27.834,-76.867,-72.652,-61.095,3082,86
IN,India,2020-04-05,-64.9,-56.07,21.094,-76.539,-71.191,-42.906,3588,99
IT,Italy,2020-02-23,16.073,23.071,-0.05,-5.313,5.661,1.037,155,3
IT,Italy,2020-02-24,23.017,21.999,4.054,-4.181,-14.71,-13.79,229,7
IT,Italy,2020-02-25,5.011,19.648,5.245,-5.959,-18.298,-15.092,322,10
IT,Italy,2020-02-26,-4.899,-5.877,5.696,-13.303,-22.778,-12.405,453,12
IT,Italy,2020-02-27,-2.81,-1.197,5.697,-9.615,-21.733,-11.853,655,17
IT,Italy,2020-02-28,-2.317,10.527,5.128,-7.997,-19.689,-11.739,888,21
IT,Italy,2020-02-29,-2.056,2.293,3.385,-9.937,-16.064,-8.557,1128,29
IT,Italy,2020-03-01,-5.295,-29.793,4.26,-18.881,-25.69,-5.316,1694,34
IT,Italy,2020-03-02,-6.676,-26.105,4.976,-13.422,-24.525,-8.533,2036,52
IT,Italy,2020-03-03,-0.944,-8.655,4.282,-6.956,-20.696,-8.134,2502,79
IT,Italy,2020-03-04,0.669,7.897,3.904,-7.298,-18.791,-8.029,3089,107
IT,Italy,2020-03-05,0.409,-11.691,6.973,-12.297,-27.645,-15.805,3858,148
IT,Italy,2020-03-06,0.302,-7.762,7.755,-14.77,-28.523,-16.676,4636,197
IT,Italy,2020-03-07,1.21,1.881,6.014,-19.283,-23.886,-15.107,5883,233
IT,Italy,2020-03-08,2.563,1.224,5.999,-31.554,-26.989,-10.45,7375,366
IT,Italy,2020-03-09,-0.819,-23.922,11.4,-30.044,-42.399,-23.842,9172,463
IT,Italy,2020-03-10,-2.206,-31.902,15.691,-43.035,-50.763,-31.261,10149,631
IT,Italy,2020-03-11,-14.399,-31.784,18.658,-51.982,-56.71,-37.155,12462,827
IT,Italy,2020-03-12,-23.274,-60.575,24.298,-70.284,-67.154,-46.77,12462,827
IT,Italy,2020-03-13,-27.691,-63.773,27.548,-74.76,-70.868,-52.857,17660,1266
IT,Italy,2020-03-14,-42.62,-78.302,24.989,-83.365,-76.136,-57.691,21157,1441
IT,Italy,2020-03-15,-59.72,-81.116,22.092,-90.151,-80.134,-55.273,24747,1809
IT,Italy,2020-03-16,-36.513,-67.388,27.16,-75.022,-74.403,-57.679,27980,2158
IT,Italy,2020-03-17,-40.88,-68.041,28.556,-77.08,-75.555,-60.628,31506,2503
IT,Italy,2020-03-18,-43.43,-70.684,29.575,-78.752,-76.815,-61.318,35713,2978
IT,Italy,2020-03-19,-43.624,-73.963,30.711,-79.025,-77.985,-62.668,41035,3405
IT,Italy,2020-03-20,-40.066,-77.295,32.105,-79.855,-78.304,-63.245,47021,4032
IT,Italy,2020-03-21,-51.501,-85.159,26.486,-85.903,-80.385,-62.611,53578,4825
IT,Italy,2020-03-22,-84.64,-91.456,24.228,-94.79,-86.887,-63.423,59138,5476
IT,Italy,2020-03-23,-45.417,-80.842,31.618,-80.113,-80.985,-68.042,63927,6077
IT,Italy,2020-03-24,-47.981,-80.165,32.476,-81.387,-80.609,-69.18,69176,6820
IT,Italy,2020-03-25,-51.366,-82.369,33.621,-83.298,-81.94,-70.19,74386,7503
IT,Italy,2020-03-26,-51.892,-84.025,35.26,-84.183,-83.168,-72.316,80589,8215
IT,Italy,2020-03-27,-45.747,-82.339,35.987,-82.767,-82.154,-71.253,86498,9134
IT,Italy,2020-03-28,-53.691,-85.686,27.356,-86.526,-81.548,-64.905,92472,10023
IT,Italy,2020-03-29,-84.798,-90.208,23.88,-94.496,-86.571,-63.285,97689,10779
IT,Italy,2020-03-30,-46.812,-79.299,31.922,-81.262,-80.686,-69.318,101739,11591
IT,Italy,2020-03-31,-42.414,-77.696,32.625,-90.423,-79.234,-70.198,105792,12428
IT,Italy,2020-04-01,-41.175,-77.12,32.922,-90.406,-78.593,-69.586,110574,13155
IT,Italy,2020-04-02,-40.234,-77.29,33.659,-90.034,-78.794,-69.678,115242,13915
IT,Italy,2020-04-03,-37.502,-78.429,34.659,-84.958,-79.454,-69.014,119827,14681
IT,Italy,2020-04-04,-47.714,-84.445,26.87,-88.519,-79.949,-63.113,124632,15362
IT,Italy,2020-04-05,-82.108,-89.874,24.031,-95.158,-85.878,-62.256,128948,15887
JP,Japan,2020-02-23,3.236,16.085,-0.202,0.549,1.746,-0.003,147,1
JP,Japan,2020-02-24,3.928,53.543,14.365,17.69,-26.635,-54.747,159,1
JP,Japan,2020-02-25,6.611,-0.318,0.862,0.109,-1.858,0.756,170,1
JP,Japan,2020-02-26,3.336,-4.989,0.967,-3.701,-5.11,0.502,189,2
JP,Japan,2020-02-27,6.346,-3.77,1.45,-2.838,-6.716,0.317,214,4
JP,Japan,2020-02-28,13.866,-4.224,2.182,-2.144,-10.148,0.693,228,4
JP,Japan,2020-02-29,9.376,-22.303,4.158,-9.777,-20.687,3.189,241,5
JP,Japan,2020-03-01,8.768,-1.15,3.636,-10.312,-23.196,1.474,256,6
JP,Japan,2020-03-02,2.524,-15.437,3.679,-9.91,-15.414,-1.631,274,6
JP,Japan,2020-03-03,8.856,11.454,3.526,-1.762,-15.122,-2.487,293,6
JP,Japan,2020-03-04,-1.842,-20.642,4.83,-12.207,-19.22,-4.183,331,6
JP,Japan,2020-03-05,2.701,-8.239,4.336,-8.561,-17.712,-3.649,360,6
JP,Japan,2020-03-06,1.667,4.838,4.872,-9.369,-18.117,-3.711,420,6
JP,Japan,2020-03-07,2.085,-8.2,5.256,-12.051,-23.584,-3.526,461,6
JP,Japan,2020-03-08,-4.19,-35.228,5.763,-16.707,-31.487,-5.364,502,6
JP,Japan,2020-03-09,1.841,11.235,3.75,-6.909,-15.16,-2.988,511,10
JP,Japan,2020-03-10,-2.564,-28.285,5.811,-9.326,-18.468,-5.381,581,10
JP,Japan,2020-03-11,4.118,12.753,3.472,-3.304,-15.812,-4.245,639,15
JP,Japan,2020-03-12,5.423,16.148,3.496,-2.617,-15.433,-4.15,639,16
JP,Japan,2020-03-13,2.891,10.026,4.531,-4.89,-16.786,-4.477,701,19
JP,Japan,2020-03-14,-4.299,-38.849,6.662,-13.815,-27.464,-7.402,773,22
JP,Japan,2020-03-15,5.122,9.162,3.494,-7.212,-21.312,-2.625,839,22
JP,Japan,2020-03-16,-0.013,-6.595,3.905,-6.935,-15.258,-2.965,839,27
JP,Japan,2020-03-17,4.019,13.988,3.621,-1.026,-14.728,-3.794,878,29
JP,Japan,2020-03-18,3.306,20.43,2.769,-2.692,-13.507,-3.509,889,29
JP,Japan,2020-03-19,6.081,16.717,1.859,4.409,-10.261,-4.229,924,29
JP,Japan,2020-03-20,6.306,39.906,16.919,7.213,-33.735,-53.859,963,33
JP,Japan,2020-03-21,4.931,33.929,3.361,-5.927,-14.602,-7.288,1007,35
JP,Japan,2020-03-22,1.204,17.806,2.803,-8.93,-17.707,-3.116,1101,41
JP,Japan,2020-03-23,0.295,10.686,3.198,-4.174,-12.986,-3.337,1128,42
JP,Japan,2020-03-24,3.184,14.369,3.705,0.339,-13.323,-4.293,1193,43
JP,Japan,2020-03-25,8.049,30.783,2.443,1.706,-11.15,-4.365,1307,45
JP,Japan,2020-03-26,12.581,25.922,3.034,0.123,-12.861,-5.174,1387,47
JP,Japan,2020-03-27,3.004,-9.461,6.123,-9.503,-19.4,-7.303,1468,49
JP,Japan,2020-03-28,1.004,-23.071,7.207,-18.094,-32.555,-7.844,1693,52
JP,Japan,2020-03-29,-7.289,-24.672,7.139,-25.87,-40.606,-8.538,1866,54
JP,Japan,2020-03-30,3.956,-2.232,5.33,-7.302,-19.604,-7.597,1866,54
JP,Japan,2020-03-31,6.526,8.971,5.43,-4.326,-19.502,-7.17,1953,56
JP,Japan,2020-04-01,-4.662,-29.165,6.826,-19.636,-24.821,-9.901,2178,57
JP,Japan,2020-04-02,6.479,13.435,6.237,-12.009,-23.254,-10.46,2495,62
JP,Japan,2020-04-03,5.565,25.704,7.143,-14.486,-24.521,-10.564,2617,63
JP,Japan,2020-04-04,6.485,26.387,8.004,-20.552,-35.328,-12.195,3139,77
JP,Japan,2020-04-05,2.222,3.465,7.806,-25.386,-42.859,-13.279,3139,77
KR,South Korea,2020-02-23,-18.094,-11.841,8.347,-31.262,-25.255,-9.48,602,6
KR,South Korea,2020-02-24,6.224,6.404,7.666,-20.961,-15.275,-5.846,833,8
KR,South Korea,2020-02-25,-12.621,-38.108,9.9,-32.566,-25.853,-10.475,977,10
KR,South Korea,2020-02-26,-7.293,5.159,9.302,-29.182,-22.208,-10.815,1261,12
KR,South Korea,2020-02-27,-10.415,0.576,9.441,-30.092,-24.139,-10.288,1766,13
KR,South Korea,2020-02-28,-16.559,-37.909,13.121,-36.609,-29.772,-11.823,2337,13
KR,South Korea,2020-02-29,-9.729,-12.536,12.461,-37.591,-31.667,-9.717,3150,16
KR,South Korea,2020-03-01,-7.982,-17.3,11.332,-40.59,-36.214,-15.975,3736,17
KR,South Korea,2020-03-02,-0.784,9.916,9.175,-23.023,-19.553,-8.395,4335,28
KR,South Korea,2020-03-03,-6.993,2.434,7.784,-24.004,-20.774,-8.764,5186,28
KR,South Korea,2020-03-04,-10.375,-7.171,10.027,-29.612,-25.382,-10.505,5621,35
KR,South Korea,2020-03-05,-11.39,-1.703,9.369,-28.241,-24.845,-8.928,6088,35
KR,South Korea,2020-03-06,-8.048,0.573,10.146,-26.753,-22.269,-8.613,6593,42
KR,South Korea,2020-03-07,-7.333,-16.067,11.332,-32.378,-29.466,-7.932,7041,44
KR,South Korea,2020-03-08,-13.593,34.202,8.545,-26.817,-23.696,-13.832,7314,50
KR,South Korea,2020-03-09,1.126,16.055,8.086,-18.515,-16.574,-6.071,7478,53
KR,South Korea,2020-03-10,-11.326,-32.214,9.22,-26.8,-24.512,-8.701,7513,54
KR,South Korea,2020-03-11,-2.999,23.49,7.914,-21.909,-18.023,-8.203,7755,60
KR,South Korea,2020-03-12,-4.755,18.526,7.735,-23,-19.655,-6.983,7869,66
KR,South Korea,2020-03-13,-4.614,1.989,9.314,-23.697,-19.885,-7.141,7979,66
KR,South Korea,2020-03-14,0.963,3.942,8.825,-24.536,-22.048,-5.313,8086,72
KR,South Korea,2020-03-15,0.586,-3.088,8.772,-28.326,-28.616,-12.309,8162,75
KR,South Korea,2020-03-16,1.06,22.677,7.681,-16.653,-16.089,-5.545,8236,75
KR,South Korea,2020-03-17,-4.695,11.851,6.392,-18.74,-17.001,-5.933,8320,81
KR,South Korea,2020-03-18,-0.928,47.386,7.044,-19.177,-15.743,-7.036,8413,84
KR,South Korea,2020-03-19,-13.401,-17.625,9.122,-28.296,-25.028,-6.907,8565,91
KR,South Korea,2020-03-20,-1.728,17.387,8.02,-20.162,-16.789,-5.587,8652,94
KR,South Korea,2020-03-21,3.979,30.87,7.427,-21.261,-18.331,-5.016,8799,102
KR,South Korea,2020-03-22,-8.014,52.028,6.557,-20.03,-17.219,-12.41,8961,111
KR,South Korea,2020-03-23,6.072,46.95,6.772,-14.556,-13.263,-5.251,8961,111
KR,South Korea,2020-03-24,0.069,40.473,5.494,-16.19,-13.399,-5.965,9037,120
KR,South Korea,2020-03-25,1.117,60.636,6.609,-17.913,-13.514,-7.627,9137,126
KR,South Korea,2020-03-26,-7.849,3.004,8.39,-24.945,-21.439,-7.249,9241,131
KR,South Korea,2020-03-27,-3.627,3.599,9.757,-22.631,-19.819,-7.531,9332,139
KR,South Korea,2020-03-28,1.821,15.862,8.128,-22.897,-20.439,-6.643,9478,144
KR,South Korea,2020-03-29,10.641,51.356,6.266,-19.305,-17.239,-11.556,9583,152
KR,South Korea,2020-03-30,4.216,59.708,6.577,-12.987,-11.909,-5.743,9661,158
KR,South Korea,2020-03-31,2.122,53.995,4.902,-11.302,-9.535,-5.432,9786,162
KR,South Korea,2020-04-01,0.429,44.122,7.063,-17.962,-14.703,-7.503,9887,165
KR,South Korea,2020-04-02,-1.764,43.677,6.532,-18.015,-14.636,-6.307,9976,169
KR,South Korea,2020-04-03,0.808,36.321,7.259,-17.524,-12.522,-6.342,10062,174
KR,South Korea,2020-04-04,5.398,25.21,7.129,-19.283,-16.474,-7.867,10156,177
KR,South Korea,2020-04-05,13.581,46.272,5.721,-16.769,-14.462,-12.599,10237,183
MX,Mexico,2020-02-23,1.405,8.319,-0.582,2.055,7.04,1.527,0,0
MX,Mexico,2020-02-24,-0.142,6.1,-1.429,-1.713,3.505,8.353,0,0
MX,Mexico,2020-02-25,-1.956,7.144,-1.215,-1.502,1.844,5.918,0,0
MX,Mexico,2020-02-26,-1.321,2.595,-0.745,-3.001,1.226,6.391,0,0
MX,Mexico,2020-02-27,1.297,-0.398,-0.972,0.74,2.352,6.952,0,0
MX,Mexico,2020-02-28,5.838,2.6,-2.075,3.421,5.715,11.853,1,0
MX,Mexico,2020-02-29,8.366,5.376,-1.081,5.507,4.762,5.573,4,0
MX,Mexico,2020-03-01,8.665,6.511,-1.01,6.175,6.992,3.214,5,0
MX,Mexico,2020-03-02,5.953,1.786,-1.666,1.276,4.491,10.405,5,0
MX,Mexico,2020-03-03,2.552,1.902,-1.542,0.977,2.333,8.757,5,0
MX,Mexico,2020-03-04,4.3,2.236,-1.278,1.019,2.546,8.522,5,0
MX,Mexico,2020-03-05,3.209,2.536,-1.388,1.947,2.899,8.435,5,0
MX,Mexico,2020-03-06,0.392,-0.093,-1.465,-1.309,3.333,12.047,6,0
MX,Mexico,2020-03-07,1.911,3.771,-0.358,0.673,1.619,5.705,6,0
MX,Mexico,2020-03-08,3.131,9.776,-0.377,3.375,3.529,3.47,7,0
MX,Mexico,2020-03-09,-5.838,-7.935,6.53,-10.795,-17.207,-15.563,7,0
MX,Mexico,2020-03-10,0.175,1.851,-1.517,-1.526,3.142,8.682,7,0
MX,Mexico,2020-03-11,1.951,2.133,-1.271,-0.556,1.824,8.334,8,0
MX,Mexico,2020-03-12,3.761,3.243,-1.723,1.373,2.837,7.752,12,0
MX,Mexico,2020-03-13,6.333,2.505,-0.912,2.298,4.946,5.193,12,0
MX,Mexico,2020-03-14,10.085,6.115,-1.449,2.323,3.697,3.3,26,0
MX,Mexico,2020-03-15,7.05,6.429,-1.264,0.33,-3.852,1.036,41,0
MX,Mexico,2020-03-16,5.396,-7.024,12.808,-10.816,-30.437,-54.458,53,0
MX,Mexico,2020-03-17,5.026,-8.102,1.905,-6.928,-8.608,-2.953,82,0
MX,Mexico,2020-03-18,2.566,-13.993,5.721,-12.69,-16.938,-9.927,93,0
MX,Mexico,2020-03-19,0.553,-16.395,6.941,-16.568,-21.675,-13.853,118,1
MX,Mexico,2020-03-20,-3.319,-22.357,9.424,-23.264,-26.044,-14.39,164,1
MX,Mexico,2020-03-21,-6.654,-31.571,8.924,-30.624,-28.677,-7.372,203,2
MX,Mexico,2020-03-22,-13.326,-37.188,8.006,-36.918,-33.066,-10.372,251,2
MX,Mexico,2020-03-23,-13.575,-30.163,12.387,-31.052,-36.765,-28.905,316,3
MX,Mexico,2020-03-24,-15.742,-32.939,14.246,-34.604,-40.993,-34.084,367,4
MX,Mexico,2020-03-25,-16.476,-35.518,15.653,-36.706,-43.67,-36.207,405,5
MX,Mexico,2020-03-26,-17.031,-35.962,16.185,-37.148,-45.799,-37.082,475,6
MX,Mexico,2020-03-27,-16.569,-37.045,17.418,-39.023,-46.954,-33.905,585,8
MX,Mexico,2020-03-28,-13.891,-39.099,12.492,-39.697,-42.704,-17.548,717,12
MX,Mexico,2020-03-29,-19.352,-46.315,11.08,-45.464,-46.526,-19.522,848,16
MX,Mexico,2020-03-30,-15.394,-35.702,15.347,-34.976,-46.756,-37.902,993,20
MX,Mexico,2020-03-31,-15.281,-36.639,16.179,-35.21,-48.151,-41.05,1094,28
MX,Mexico,2020-04-01,-12.582,-38.643,17.695,-37.475,-50.423,-43.687,1215,29
MX,Mexico,2020-04-02,-11.986,-40.969,19.112,-46.505,-52.045,-45.775,1378,37
MX,Mexico,2020-04-03,-10.946,-42.662,20.956,-55.71,-52.124,-42.78,1510,50
MX,Mexico,2020-04-04,-10.831,-46.059,15.531,-56.99,-48.188,-27.058,1688,60
MX,Mexico,2020-04-05,-18.704,-51.655,12.778,-62.075,-51.444,-27.099,1890,79
SA,Saudi Arabia,2020-02-23,-3.762,2.889,1.993,-6.785,-7.372,4.327,0,0
SA,Saudi Arabia,2020-02-24,-6.34,5.333,1.79,-9.292,-7.885,3.876,0,0
SA,Saudi Arabia,2020-02-25,-2.912,1.91,1.395,-6.42,-3.249,3.049,0,0
SA,Saudi Arabia,2020-02-26,-1.265,-3.314,2.494,-4.814,-2.595,-1.111,0,0
SA,Saudi Arabia,2020-02-27,4.852,-3.349,0.703,2.45,-1.967,3.179,0,0
SA,Saudi Arabia,2020-02-28,6.396,2.725,1.566,2.831,-10.102,-2.644,0,0
SA,Saudi Arabia,2020-02-29,6.011,-2.188,0.785,0.593,-6.45,1.939,0,0
SA,Saudi Arabia,2020-03-01,5.006,1.69,0.947,0.839,-6.258,4.698,0,0
SA,Saudi Arabia,2020-03-02,2.691,-0.418,1.033,-2.22,-8.438,4.421,1,0
SA,Saudi Arabia,2020-03-03,3.207,-0.37,0.827,-1.25,-8.113,4.024,1,0
SA,Saudi Arabia,2020-03-04,2.277,1.722,0.982,-1.207,-6.423,3.585,1,0
SA,Saudi Arabia,2020-03-05,2.675,-1.768,1.223,1.027,-9.468,3.83,5,0
SA,Saudi Arabia,2020-03-06,2.141,-0.633,2.426,-0.934,-16.54,-2.621,5,0
SA,Saudi Arabia,2020-03-07,1.579,-9.011,2.032,-4.264,-16.194,1.552,5,0
SA,Saudi Arabia,2020-03-08,2.387,-1.722,1.956,-3.938,-17.74,3.843,11,0
SA,Saudi Arabia,2020-03-09,1.923,0.382,5.067,-8.061,-20.574,-8.255,15,0
SA,Saudi Arabia,2020-03-10,3.469,3.737,4.554,-5.337,-18.722,-8.729,20,0
SA,Saudi Arabia,2020-03-11,0.343,3.591,4.658,-7.106,-21.013,-8.842,21,0
SA,Saudi Arabia,2020-03-12,0.088,-11.76,6.641,-9.567,-24.952,-9.369,45,0
SA,Saudi Arabia,2020-03-13,-1.379,-16.928,5.569,-15.8,-30.962,-4.848,86,0
SA,Saudi Arabia,2020-03-14,-0.074,-13.673,4.808,-16.135,-27.803,-0.308,103,0
SA,Saudi Arabia,2020-03-15,4.303,-8.284,6.881,-14.427,-33.779,-11.222,103,0
SA,Saudi Arabia,2020-03-16,2.121,-19.024,9.413,-29.026,-43.125,-19.406,118,0
SA,Saudi Arabia,2020-03-17,-4.994,-24.624,10.979,-34.732,-46.934,-24.008,171,0
SA,Saudi Arabia,2020-03-18,-8.155,-29.491,12.911,-38.274,-50.213,-27.445,171,0
SA,Saudi Arabia,2020-03-19,-12.058,-41.909,16.438,-41.178,-55.958,-30.739,274,0
SA,Saudi Arabia,2020-03-20,-17.677,-59.46,13.717,-50.425,-61.597,-21.166,344,0
SA,Saudi Arabia,2020-03-21,-15.754,-49.639,13.744,-49.072,-68.605,-19.584,392,0
SA,Saudi Arabia,2020-03-22,-17.765,-43.062,18.266,-48.566,-69.037,-37.464,511,0
SA,Saudi Arabia,2020-03-23,-25.255,-51.095,21.143,-57.589,-72.221,-42.291,562,0
SA,Saudi Arabia,2020-03-24,-22.07,-50.973,21.753,-55.55,-73.445,-43.143,767,1
SA,Saudi Arabia,2020-03-25,-18.619,-50.78,21.421,-54.218,-72.714,-43.612,900,2
SA,Saudi Arabia,2020-03-26,-21.917,-61.216,25.645,-57.14,-75.723,-46.033,1012,3
SA,Saudi Arabia,2020-03-27,-29.444,-74.242,20.684,-65.036,-81.912,-37.927,1104,3
SA,Saudi Arabia,2020-03-28,-24.083,-59.31,18.954,-56.103,-77.019,-31.049,1203,4
SA,Saudi Arabia,2020-03-29,-23.631,-49.287,22.682,-53.965,-74.545,-45.245,1299,8
SA,Saudi Arabia,2020-03-30,-26.406,-50.766,22.239,-55.552,-74.581,-46.273,1453,8
SA,Saudi Arabia,2020-03-31,-25.977,-51.912,22.069,-55.431,-74.156,-46.026,1563,10
SA,Saudi Arabia,2020-04-01,-26.039,-52.289,22.431,-55.575,-74.479,-46.035,1720,16
SA,Saudi Arabia,2020-04-02,-25.73,-60.591,25.672,-56.651,-76.746,-45.969,1885,21
SA,Saudi Arabia,2020-04-03,-31.971,-74.366,21.148,-66.364,-82.871,-40.286,2039,25
SA,Saudi Arabia,2020-04-04,-27.642,-61.355,20.198,-58.138,-78.23,-33.69,2179,29
SA,Saudi Arabia,2020-04-05,-24.123,-51.591,23.317,-54.668,-75.557,-46.813,2402,34
SE,Sweden,2020-02-23,0.062,23.363,-0.134,1.915,0.253,-0.562,1,0
SE,Sweden,2020-02-24,0.375,23.505,0.779,1.708,-3.112,-4.34,1,0
SE,Sweden,2020-02-25,8.763,8.364,0.655,8.125,-2.542,-3.839,1,0
SE,Sweden,2020-02-26,1.911,4.296,0.925,4.846,-4.982,-4.279,2,0
SE,Sweden,2020-02-27,4.082,10.358,0.914,7.368,-2.477,-5.031,7,0
SE,Sweden,2020-02-28,1.641,16.058,0.995,6.662,-0.957,-6.219,7,0
SE,Sweden,2020-02-29,3.562,8.137,-0.152,7.674,4.534,0.197,12,0
SE,Sweden,2020-03-01,-2.104,-6.903,0.744,-0.767,-5.549,-2.447,14,0
SE,Sweden,2020-03-02,1.999,10.105,0.911,1.104,-2.849,-1.948,15,0
SE,Sweden,2020-03-03,1.876,4.864,0.846,0.094,-4.141,-1.595,21,0
SE,Sweden,2020-03-04,-0.551,-2.169,1.418,-2.356,-5.28,-1.837,35,0
SE,Sweden,2020-03-05,2.529,7.628,0.996,0.476,-3.675,-1.723,94,0
SE,Sweden,2020-03-06,1.301,23.907,0.989,2.201,-0.751,-2.032,101,0
SE,Sweden,2020-03-07,3.895,35.973,0.048,4.997,5.878,0.331,161,0
SE,Sweden,2020-03-08,-1.884,-0.255,0.507,0.792,-5.76,-1.346,203,0
SE,Sweden,2020-03-09,0.247,8.197,1.119,-2.211,-4.773,-0.391,248,0
SE,Sweden,2020-03-10,0.639,3.182,1.063,-3.581,-5.745,0.233,355,0
SE,Sweden,2020-03-11,3.979,9.571,1.584,-4.353,-7.328,-1.252,500,1
SE,Sweden,2020-03-12,11.166,-16.539,3.826,-11.556,-15.838,-4.452,599,1
SE,Sweden,2020-03-13,7.996,-3.548,5.696,-13.089,-19.419,-9.541,814,1
SE,Sweden,2020-03-14,9.203,58.782,3.434,-16.599,-13.36,-5.732,961,2
SE,Sweden,2020-03-15,-1.927,-15.052,4.522,-24.901,-30.237,-9.894,1022,3
SE,Sweden,2020-03-16,3.114,10.755,7.637,-18.543,-25.204,-16.707,1103,6
SE,Sweden,2020-03-17,0.389,2.455,9.499,-24.387,-31.635,-21.188,1190,7
SE,Sweden,2020-03-18,-3.284,0.639,11.416,-26.113,-36.7,-26.884,1279,10
SE,Sweden,2020-03-19,-1.914,39.543,11.043,-22.223,-34.896,-27.571,1439,11
SE,Sweden,2020-03-20,-5.04,10.717,11.719,-23.765,-37.469,-28.11,1639,16
SE,Sweden,2020-03-21,-4.937,66.354,5.612,-26.262,-27.552,-13.047,1763,20
SE,Sweden,2020-03-22,-8.655,57.016,4.826,-26.49,-32.753,-14.834,1934,21
SE,Sweden,2020-03-23,-8.368,7.893,10.995,-24.72,-38.148,-27.36,2046,25
SE,Sweden,2020-03-24,-7.384,22.228,11.252,-25.23,-37.346,-27.54,2286,36
SE,Sweden,2020-03-25,0.537,24.969,10.899,-18.738,-36.302,-27.56,2526,62
SE,Sweden,2020-03-26,-2.052,48.294,11.046,-18.351,-35.153,-28.394,2840,77
SE,Sweden,2020-03-27,-4.599,42.618,11.145,-18.702,-35.274,-28.596,3069,105
SE,Sweden,2020-03-28,-4.078,52.373,5.815,-23.622,-29.496,-14.558,3447,105
SE,Sweden,2020-03-29,-9.787,42.634,5.437,-23.986,-36.419,-17.773,3700,110
SE,Sweden,2020-03-30,-9.593,7.893,11.212,-22.461,-39.166,-29.043,4028,146
SE,Sweden,2020-03-31,-6.966,27.455,11.044,-21.957,-37.312,-28.697,4435,180
SE,Sweden,2020-04-01,-4.894,27.436,11.147,-22.428,-37.708,-28.717,4947,239
SE,Sweden,2020-04-02,-7.504,-5.901,12.821,-26.636,-42.574,-30.158,5568,308
SE,Sweden,2020-04-03,-6.775,5.663,12.614,-25.1,-40.663,-30.626,6131,358
SE,Sweden,2020-04-04,-5.387,57.463,6.272,-26.481,-31.666,-16.079,6443,373
SE,Sweden,2020-04-05,-9.006,69.48,5.71,-24.878,-37.289,-17.902,6830,401
TR,Turkey,2020-02-23,5.201,21.106,0.022,6.791,3.232,6.668,0,0
TR,Turkey,2020-02-24,3.131,7.411,-1.344,2.721,3.406,8.662,0,0
TR,Turkey,2020-02-25,5.872,12.282,-2.008,3.053,4.493,9.029,0,0
TR,Turkey,2020-02-26,5.632,15.175,-1.99,1.412,2.832,10.354,0,0
TR,Turkey,2020-02-27,4.197,6.873,-1.257,-2.151,3.076,11.426,0,0
TR,Turkey,2020-02-28,2.832,5.81,-0.654,-2.962,-0.246,7.865,0,0
TR,Turkey,2020-02-29,-2.232,-16.244,2.18,-5.694,-9.726,7.36,0,0
TR,Turkey,2020-03-01,10.017,35.042,-0.184,8.818,3.416,6.793,0,0
TR,Turkey,2020-03-02,6.708,17.837,-1.955,6.117,6.605,9.661,0,0
TR,Turkey,2020-03-03,8.556,22.901,-3.001,6.639,5.929,9.792,0,0
TR,Turkey,2020-03-04,7.164,15.67,-2.126,2.295,3.79,10.674,0,0
TR,Turkey,2020-03-05,7.54,9.901,-1.735,2.944,3.797,12.083,0,0
TR,Turkey,2020-03-06,10.421,17.042,-1.607,5.749,4.232,9.485,0,0
TR,Turkey,2020-03-07,12.47,34.12,-2.039,12.927,8.669,10.083,0,0
TR,Turkey,2020-03-08,15.173,68.226,-3.188,18.209,12.218,8.283,0,0
TR,Turkey,2020-03-09,8.009,23.742,-2.626,8.282,7.521,9.922,0,0
TR,Turkey,2020-03-10,6.522,4.268,-2.058,2.036,0.535,9.556,0,0
TR,Turkey,2020-03-11,21.222,15.283,-2.017,3.137,2.748,10.637,1,0
TR,Turkey,2020-03-12,19.49,25.425,-2.291,6.014,5.927,11.809,1,0
TR,Turkey,2020-03-13,13.859,11.199,-0.237,-2.094,1.885,6.442,5,0
TR,Turkey,2020-03-14,10.254,9.54,1.396,-6.648,-3.631,3.739,5,0
TR,Turkey,2020-03-15,4.778,3.215,1.879,-15.344,-15.535,0.56,6,0
TR,Turkey,2020-03-16,13.041,-12.668,4.723,-12.249,-13.98,-11.734,18,0
TR,Turkey,2020-03-17,14.057,-18.638,7.589,-26.129,-22.232,-19.451,47,1
TR,Turkey,2020-03-18,0.724,-29.197,10.849,-36.701,-32.696,-22.702,98,1
TR,Turkey,2020-03-19,-3.026,-28.087,12.801,-40.634,-37.851,-25.128,192,3
TR,Turkey,2020-03-20,-6.234,-27.213,15.75,-45.058,-41.412,-29.623,359,4
TR,Turkey,2020-03-21,-10.241,-31.915,14.786,-51.731,-46.344,-25.75,670,9
TR,Turkey,2020-03-22,-19.805,-32.539,13.006,-63.726,-54.601,-35.06,1236,30
TR,Turkey,2020-03-23,-12.59,-31.928,16.287,-51.266,-48.5,-37.497,1529,37
TR,Turkey,2020-03-24,-21.441,-38.995,18.021,-57.206,-53.888,-42.495,1872,44
TR,Turkey,2020-03-25,-21.534,-37.607,19.178,-58.13,-55.028,-43.199,2433,59
TR,Turkey,2020-03-26,-19.574,-31.561,18.899,-56.599,-54.741,-42.841,3629,75
TR,Turkey,2020-03-27,-21.18,-39.562,21.901,-59.248,-57.42,-44.761,5698,92
TR,Turkey,2020-03-28,-27.406,-56.548,20.416,-66.415,-62.672,-40.091,7402,108
TR,Turkey,2020-03-29,-39.337,-58.392,17.425,-74.52,-71.307,-44.94,9217,131
TR,Turkey,2020-03-30,-24.231,-39.196,20.54,-57.279,-58.041,-46.956,10827,168
TR,Turkey,2020-03-31,-27.144,-45.488,20.732,-60.543,-61.21,-48.788,13531,214
TR,Turkey,2020-04-01,-24.764,-46.565,22.06,-61.38,-62.005,-49.365,15679,277
TR,Turkey,2020-04-02,-26.644,-46.272,22.697,-61.981,-64.11,-49.667,18135,356
TR,Turkey,2020-04-03,-22.107,-46.701,24.958,-62.319,-63.778,-50.474,20921,425
TR,Turkey,2020-04-04,-30.248,-59.895,23.029,-69.521,-69.644,-46.357,23934,501
TR,Turkey,2020-04-05,-39.602,-61.112,18.88,-75.985,-75.61,-47.694,27069,574
US,US,2020-02-23,3.124,22.982,-0.823,6.813,4.992,2.238,0,0
US,US,2020-02-24,0.717,9.233,0.04,1.709,1.285,2.776,0,0
US,US,2020-02-25,1.222,9.106,-0.138,4.031,2.155,1.899,0,0
US,US,2020-02-26,2.464,5.209,-0.63,7.34,3.498,2.198,0,0
US,US,2020-02-27,3.429,12.251,-0.459,7.503,4.013,1.834,0,0
US,US,2020-02-28,3.392,9.685,-1.284,7.996,5.34,2.428,0,0
US,US,2020-02-29,7.349,20.717,-1.858,11.518,7.367,4.403,0,0
US,US,2020-03-01,8.816,17.755,-1.49,12.864,6.691,2.954,0,0
US,US,2020-03-02,6.123,10.253,-0.571,7.283,1.694,2.979,0,0
US,US,2020-03-03,9.87,20.048,-0.914,10.78,2.976,2.024,0,0
US,US,2020-03-04,6.172,17.146,-0.653,8.295,2.316,2.578,0,0
US,US,2020-03-05,7.314,21.099,-0.665,7.989,2.413,2.518,0,0
US,US,2020-03-06,2.71,11.63,-0.558,5.342,1.701,2.007,0,0
US,US,2020-03-07,8.366,29.301,-1.319,9.604,6.718,4.586,0,0
US,US,2020-03-08,7.457,40.308,-1.065,9.783,5.383,1.68,0,0
US,US,2020-03-09,6.474,31.053,0.242,5.875,-0.971,-0.471,0,0
US,US,2020-03-10,7.467,18.24,0.625,6.129,-2.587,-1.549,892,28
US,US,2020-03-11,10.072,26.313,0.185,7.546,-2.158,-1.159,1214,36
US,US,2020-03-12,22.608,19.057,1.093,6.366,-6.292,-2.903,1596,40
US,US,2020-03-13,25.884,4.332,2.836,1.514,-10.247,-6.855,2112,47
US,US,2020-03-14,18.339,2.665,3.105,-6.332,-9.845,-0.989,2658,54
US,US,2020-03-15,11.804,4.734,3.391,-9.351,-13.214,-6.666,3431,63
US,US,2020-03-16,21.23,-1,7.6,-7.559,-22.047,-19.867,4565,85
US,US,2020-03-17,13.762,7.847,10.739,-18.104,-26.256,-26.753,6353,108
US,US,2020-03-18,7.594,6.272,12.635,-23.678,-30.283,-30.611,7715,118
US,US,2020-03-19,6.668,1.505,14.618,-27.935,-35.502,-33.412,13608,200
US,US,2020-03-20,5.161,-2.34,16.226,-31.57,-36.831,-35.535,19025,244
US,US,2020-03-21,-1.731,-2.889,11.522,-39.651,-35.842,-23.993,25435,307
US,US,2020-03-22,-13.413,-11.594,10.516,-43.665,-43.575,-31.217,33765,426
US,US,2020-03-23,-10.195,-22.538,17.284,-37.508,-47.465,-41.188,43586,551
US,US,2020-03-24,-11.921,-9.906,18.785,-39.158,-45.851,-44.553,53659,705
US,US,2020-03-25,-14.705,-7.404,19.285,-40.02,-47.242,-45.844,65701,941
US,US,2020-03-26,-13.802,2.884,19.859,-40.277,-47.915,-46.601,83759,1208
US,US,2020-03-27,-16.054,-7.085,21.004,-42.101,-49.006,-46.307,101580,1578
US,US,2020-03-28,-18.931,-25.226,14.636,-47.734,-49.306,-33.727,121313,2023
US,US,2020-03-29,-22.299,-18.639,12.185,-46.961,-51.399,-37.647,140757,2464
US,US,2020-03-30,-17.564,-14.57,18.984,-40.197,-50.356,-47.603,161679,2975
US,US,2020-03-31,-15.693,-16.072,20.218,-39.983,-49.42,-49.328,188018,3870
US,US,2020-04-01,-10.815,-7.344,19.779,-37.299,-47.939,-49.233,213214,4753
US,US,2020-04-02,-11.209,-8.52,20.952,-39.891,-50.559,-49.853,243441,5922
US,US,2020-04-03,-11.795,-20.61,22.228,-41.889,-51.329,-49.575,275426,7083
US,US,2020-04-04,-14.975,-23.779,15.164,-48.466,-50.208,-36.657,308693,8403
US,US,2020-04-05,-20.249,-20.271,12.55,-48.911,-53.68,-40.031,336912,9615
ZA,South Africa,2020-02-23,-6.354,-20.793,2.833,-9.238,-12.183,-0.602,0,0
ZA,South Africa,2020-02-24,-13.296,-10.143,0.614,-11.163,-2.237,4.742,0,0
ZA,South Africa,2020-02-25,-1.495,-4.721,-0.822,-0.62,2.19,5.427,0,0
ZA,South Africa,2020-02-26,-0.721,-4.496,-0.987,0.503,4.304,5.112,0,0
ZA,South Africa,2020-02-27,4.557,-5.905,-0.63,5.811,6.421,4.617,0,0
ZA,South Africa,2020-02-28,10.896,-6.435,-2.385,12.196,16.822,4.21,0,0
ZA,South Africa,2020-02-29,14.082,-8.395,-2.286,19.699,8.101,5.161,0,0
ZA,South Africa,2020-03-01,21.255,-3.225,-1.196,18.326,8.591,7.224,0,0
ZA,South Africa,2020-03-02,5.199,-6.986,0.553,4.012,10.434,6.976,0,0
ZA,South Africa,2020-03-03,4.935,-1.32,-0.526,2.272,10.965,8.741,0,0
ZA,South Africa,2020-03-04,4.903,-1.223,-0.068,2.575,8.921,8.132,0,0
ZA,South Africa,2020-03-05,6.566,-0.968,0.023,4.204,9.153,7.95,1,0
ZA,South Africa,2020-03-06,7.86,1.106,-1.465,6.559,12.529,7.682,1,0
ZA,South Africa,2020-03-07,5.602,-3.37,-0.27,7.875,2.081,6.466,1,0
ZA,South Africa,2020-03-08,2.817,-11.955,1.836,-0.912,-5.363,3.426,3,0
ZA,South Africa,2020-03-09,-7.396,-11.189,0.833,-8.275,1.233,6.247,3,0
ZA,South Africa,2020-03-10,-8.053,-8.661,-0.916,-9.082,0.448,5.258,7,0
ZA,South Africa,2020-03-11,-7.615,-6.839,-1.863,-8.499,-2.328,3.541,13,0
ZA,South Africa,2020-03-12,-5.498,-5.99,-2.227,-5.736,-4.311,2.834,17,0
ZA,South Africa,2020-03-13,1.898,-5.269,-3.647,1.14,-0.695,2.715,24,0
ZA,South Africa,2020-03-14,1.027,-10.108,-0.595,1.848,-8.406,3.719,38,0
ZA,South Africa,2020-03-15,-0.08,-17.847,2.176,-5.985,-13.839,1.691,51,0
ZA,South Africa,2020-03-16,1.43,-18.317,3.482,-9.579,-10.892,1.527,62,0
ZA,South Africa,2020-03-17,-4.112,-15.725,4.798,-14.537,-13.511,-2.549,62,0
ZA,South Africa,2020-03-18,-4.344,-12.074,7.151,-14.368,-15.906,-8.412,116,0
ZA,South Africa,2020-03-19,-4.679,-10.18,9.145,-15.672,-19.757,-13.648,150,0
ZA,South Africa,2020-03-20,0.623,-13.962,8.835,-14.02,-19.043,-15.343,202,0
ZA,South Africa,2020-03-21,-6.442,-21.286,8.486,-23.669,-26.097,-17.755,240,0
ZA,South Africa,2020-03-22,-10.389,-23.498,8.546,-30.872,-36.434,-10.927,274,0
ZA,South Africa,2020-03-23,-4.331,-15.267,11.185,-20.211,-33.249,-21.439,402,0
ZA,South Africa,2020-03-24,18.061,-15.69,9.279,-7.457,-27.59,-21.717,554,0
ZA,South Africa,2020-03-25,33.645,-13.177,7.452,8.953,-19.307,-24.291,709,0
ZA,South Africa,2020-03-26,59.474,-9.349,6.141,15.519,-25.557,-31.774,927,0
ZA,South Africa,2020-03-27,-60.858,-47.02,40.343,-80.242,-80.511,-75.17,1170,1
ZA,South Africa,2020-03-28,-59.76,-58.559,27.951,-79.78,-78.802,-57.958,1187,1
ZA,South Africa,2020-03-29,-60.044,-55.157,23.929,-79.274,-80.302,-48.652,1280,2
ZA,South Africa,2020-03-30,-51.034,-41.579,36.461,-72.729,-79.423,-74.169,1326,3
ZA,South Africa,2020-03-31,-46.762,-40.16,34.848,-71.508,-77.899,-73.818,1353,5
ZA,South Africa,2020-04-01,-42.446,-37.6,34.916,-69.728,-77.371,-72.935,1380,5
ZA,South Africa,2020-04-02,-40.523,-38.226,36.55,-69.577,-77.874,-73.331,1462,5
ZA,South Africa,2020-04-03,-42.107,-43.271,38.379,-71.513,-77.944,-72.745,1505,9
ZA,South Africa,2020-04-04,-51.515,-57.252,26.499,-76.589,-77.026,-55.095,1585,9
ZA,South Africa,2020-04-05,-51.42,-53.273,22.351,-75.913,-78.001,-44.329,1655,11
